Country,Year,Medical doctors (per 10 000 population)
Afghanistan,2016,2.84
Afghanistan,2015,2.907
Afghanistan,2014,3.039
Afghanistan,2013,2.894
Afghanistan,2012,2.45
Afghanistan,2011,2.553
Afghanistan,2010,2.396
Afghanistan,2009,2.156
Afghanistan,2008,1.771
Afghanistan,2007,1.774
Afghanistan,2006,1.63
Afghanistan,2001,1.957
Albania,2016,11.998
Albania,2013,12.706
Albania,2012,12.658
Albania,2011,12.225
Albania,2010,12.379
Algeria,2016,18.3
Algeria,2007,11.912
Algeria,2005,10.199
Algeria,2002,11.054
Andorra,2015,33.333
Andorra,2003,33.333
Angola,2017,2.149
Angola,2009,1.311
Angola,2004,0.618
Angola,1997,0.584
Antigua and Barbuda,2017,27.647
Antigua and Barbuda,2007,15.755
Antigua and Barbuda,1999,1.467
Argentina,2017,39.6
Argentina,2013,39.066
Argentina,2004,31.662
Argentina,2001,32.311
Argentina,1998,30.021
Argentina,1992,26.385
Armenia,2014,28.99
Armenia,2013,29.072
Armenia,2012,28.991
Armenia,2011,28.686
Armenia,2010,28.419
Australia,2016,35.874
Australia,2015,35.213
Australia,2014,34.62
Australia,2013,33.882
Australia,2012,32.976
Australia,2011,32.963
Australia,2010,33.481
Australia,2009,28.888
Australia,2006,26.765
Australia,2001,24.846
Australia,1996,25.199
Austria,2016,51.441
Austria,2015,50.701
Austria,2014,49.954
Austria,2013,49.316
Austria,2012,48.45
Austria,2011,48.031
Austria,2010,47.688
Azerbaijan,2014,34.466
Azerbaijan,2013,34.558
Azerbaijan,2012,34.901
Azerbaijan,2011,34.375
Azerbaijan,2010,36.629
Bahamas,2017,19.373
Bahamas,2011,22.64
Bahamas,2008,27.158
Bahamas,1998,10.755
Bahrain,2015,9.257
Bahrain,2014,9.57
Bahrain,2013,9.533
Bahrain,2012,9.568
Bahrain,2011,9.45
Bahrain,2010,9.493
Bahrain,2009,9.696
Bahrain,2008,9.896
Bahrain,2007,10.155
Bahrain,2006,10.142
Bahrain,2005,10.436
Bahrain,2004,9.677
Bahrain,2003,10.479
Bahrain,2002,10.774
Bahrain,2001,10.636
Bahrain,2000,10.202
Bangladesh,2017,5.268
Bangladesh,2016,4.822
Bangladesh,2015,4.709
Bangladesh,2014,4.737
Bangladesh,2013,4.089
Bangladesh,2012,3.879
Bangladesh,2011,3.724
Bangladesh,2010,3.526
Bangladesh,2009,3.438
Bangladesh,2008,3.317
Bangladesh,2007,3.193
Bangladesh,2006,3.07
Bangladesh,2005,2.99
Bangladesh,2004,2.723
Bangladesh,2003,2.631
Bangladesh,2001,2.423
Barbados,2017,24.886
Barbados,2005,17.847
Barbados,2001,15.515
Barbados,2000,13.529
Barbados,1995,13.509
Belarus,2014,40.772
Belarus,2013,39.331
Belarus,2012,38.809
Belarus,2011,37.953
Belarus,2010,35.179
Belgium,2016,33.234
Belgium,2015,30.138
Belgium,2014,29.729
Belgium,2013,29.592
Belgium,2012,29.397
Belgium,2011,29.222
Belgium,2010,29.085
Belgium,2006,20.957
Belgium,2005,20.479
Belize,2017,11.262
Belize,2012,11.494
Belize,2009,7.678
Belize,2000,10.15
Benin,2016,1.572
Benin,2013,1.506
Benin,2012,1.646
Benin,2008,0.623
Benin,2004,0.401
Bhutan,2017,3.715
Bhutan,2016,3.748
Bhutan,2015,3.188
Bhutan,2014,3.142
Bhutan,2013,2.654
Bhutan,2012,2.576
Bhutan,2008,2.439
Bhutan,2007,2.096
Bhutan,2004,1.843
Bolivia (Plurinational State of),2016,16.111
Bolivia (Plurinational State of),2011,4.734
Bolivia (Plurinational State of),2010,4.442
Bolivia (Plurinational State of),2007,3.358
Bolivia (Plurinational State of),2001,12.157
Bosnia and Herzegovina,2013,20.003
Bosnia and Herzegovina,2012,19.259
Bosnia and Herzegovina,2011,18.653
Bosnia and Herzegovina,2010,17.907
Botswana,2016,3.688
Botswana,2012,3.92
Botswana,2011,3.993
Botswana,2010,4.065
Botswana,2009,3.5
Botswana,2008,3.679
Botswana,2007,3.704
Botswana,2006,3.137
Botswana,2005,2.511
Botswana,2004,3.909
Botswana,2003,2.915
Botswana,2002,3.011
Botswana,2001,2.906
Botswana,2000,2.887
Botswana,1999,2.983
Botswana,1998,2.54
Brazil,2018,21.499
Brazil,2017,21.502
Brazil,2013,18.693
Brazil,2011,18.382
Brazil,2010,18.039
Brazil,2009,18.077
Brazil,2008,17.714
Brazil,2007,17.225
Brazil,2006,16.931
Brazil,2005,16.592
Brazil,2004,15.807
Brazil,2003,14.696
Brazil,2002,14.133
Brazil,2001,13.852
Brazil,2000,11.304
Brazil,1999,13.699
Brazil,1998,12.73
Brazil,1997,12.885
Brazil,1996,12.532
Brazil,1995,12.229
Brazil,1994,11.932
Brazil,1993,11.651
Brazil,1992,11.377
Brazil,1990,10.839
Brunei Darussalam,2015,17.701
Brunei Darussalam,2014,15.035
Brunei Darussalam,2013,16.17
Brunei Darussalam,2012,14.911
Brunei Darussalam,2011,15.431
Brunei Darussalam,2010,14.484
Brunei Darussalam,2009,11.595
Brunei Darussalam,2008,14.869
Brunei Darussalam,2007,10.483
Brunei Darussalam,2006,10.775
Brunei Darussalam,2005,10.679
Brunei Darussalam,2004,12.879
Brunei Darussalam,2002,11.531
Brunei Darussalam,2000,10.084
Bulgaria,2014,39.879
Bulgaria,2013,39.761
Bulgaria,2012,39.121
Bulgaria,2011,38.585
Bulgaria,2010,37.764
Burkina Faso,2016,0.6
Burkina Faso,2012,0.475
Burkina Faso,2011,0.386
Burkina Faso,2010,0.457
Burkina Faso,2009,0.446
Burkina Faso,2008,0.322
Burkina Faso,2004,0.543
Burundi,2016,0.5
Burundi,2010,0.477
Burundi,2004,0.278
Cabo Verde,2015,7.694
Cabo Verde,2013,5.922
Cabo Verde,2012,5.058
Cabo Verde,2011,5.747
Cabo Verde,2010,5.812
Cabo Verde,2009,5.05
Cambodia,2014,1.682
Cambodia,2013,4.759
Cambodia,2012,1.651
Cambodia,2011,2.264
Cambodia,2010,2.302
Cambodia,2009,2.378
Cambodia,2008,2.444
Cambodia,2000,1.684
Cambodia,1998,1.475
Cambodia,1996,1.136
Cameroon,2011,0.898
Cameroon,2010,0.857
Cameroon,2009,0.693
Cameroon,2007,0.717
Cameroon,2005,0.602
Cameroon,2004,1.842
Canada,2017,26.102
Canada,2016,25.668
Canada,2015,25.388
Canada,2014,24.961
Canada,2013,24.509
Canada,2012,23.962
Canada,2010,20.384
Canada,2008,19.59
Canada,2006,19.086
Canada,2004,18.971
Canada,2002,18.969
Canada,2001,18.871
Canada,1998,18.611
Central African Republic,2015,0.629
Central African Republic,2009,0.465
Central African Republic,2008,0.398
Central African Republic,2004,0.816
Chad,2016,0.475
Chad,2013,0.436
Chad,2012,0.416
Chad,2006,0.353
Chad,2004,0.355
Chad,2000,0.282
Chad,1999,0.288
Chad,1998,0.201
Chad,1997,0.26
Chile,2016,10.8
Chile,2009,10.328
Chile,2008,10.418
Chile,2007,10.389
Chile,2006,10.427
Chile,2005,9.825
Chile,2004,9.867
Chile,2003,9.496
Chile,2002,8.956
Chile,1992,9.985
China,2015,17.855
China,2014,16.989
China,2013,16.438
China,2012,15.467
China,2011,14.733
China,2010,14.627
China,2009,14.015
China,2002,11.208
China,2000,12.426
China,1999,12.177
China,1998,11.881
China,1997,11.892
China,1996,11.74
China,1995,11.672
China,1990,11.056
China,1985,
China,1980,
China,1978,
Colombia,2017,20.835
Colombia,2016,20.036
Colombia,2015,19.379
Colombia,2014,18.214
Colombia,2013,18.064
Colombia,2012,17.4
Colombia,2011,16.694
Colombia,2010,15.676
Colombia,2009,15.438
Colombia,2008,15.206
Colombia,2007,14.974
Colombia,2006,14.742
Colombia,2005,14.51
Colombia,2002,14.135
Colombia,1999,13.003
Colombia,1998,12.677
Colombia,1997,12.33
Colombia,1996,11.992
Colombia,1994,11.403
Colombia,1993,11.119
Colombia,1992,10.704
Colombia,1991,10.26
Colombia,1990,9.799
Colombia,1989,
Colombia,1988,
Colombia,1987,
Colombia,1986,
Colombia,1985,
Colombia,1984,
Comoros,2012,1.699
Comoros,2009,1.901
Comoros,2005,1.897
Comoros,2004,1.926
Congo,2011,1.159
Congo,2007,1.008
Congo,2006,2.035
Congo,2004,2.097
Congo,1998,7.069
Cook Islands,2014,14.205
Cook Islands,2009,12.698
Cook Islands,2004,10.256
Cook Islands,2001,7.65
Costa Rica,2013,11.497
Costa Rica,2000,13.257
Côte d'Ivoire,2014,2.326
Côte d'Ivoire,2011,1.541
Côte d'Ivoire,2008,1.408
Côte d'Ivoire,2005,0.926
Côte d'Ivoire,2004,1.156
Croatia,2016,29.962
Croatia,2014,31.244
Croatia,2013,30.17
Croatia,2012,29.727
Croatia,2011,28.956
Croatia,2010,28.428
Croatia,1999,18.055
Croatia,1998,19.146
Croatia,1997,20.552
Croatia,1996,20.597
Croatia,1995,19.689
Croatia,1994,19.619
Croatia,1993,19.755
Croatia,1992,19.958
Croatia,1991,19.544
Croatia,1990,21.255
Croatia,1989,
Croatia,1988,
Croatia,1987,
Croatia,1986,
Cuba,2017,81.9
Cuba,2014,74.794
Cuba,2013,73.341
Cuba,2012,72.099
Cuba,2011,69.242
Cuba,2010,67.507
Cuba,2009,66.157
Cuba,2008,65.918
Cuba,2007,64.064
Cuba,2006,63.286
Cuba,2005,62.559
Cuba,2004,61.874
Cuba,2003,60.487
Cuba,2002,59.796
Cuba,2001,59.29
Cuba,2000,59.186
Cuba,1999,58.383
Cuba,1998,57.377
Cuba,1997,56.859
Cuba,1996,54.857
Cuba,1995,52.114
Cuba,1994,49.827
Cuba,1993,47.29
Cuba,1992,43.658
Cuba,1991,39.981
Cuba,1990,36.562
Cuba,1985,
Cuba,1980,
Cuba,1975,
Cyprus,2016,19.511
Cyprus,2014,24.993
Cyprus,2013,24.076
Cyprus,2012,22.958
Cyprus,2011,22.484
Cyprus,2010,21.562
Cyprus,2009,21.064
Cyprus,2008,20.507
Cyprus,2007,20.147
Cyprus,1995,18.787
Cyprus,1990,15.64
Cyprus,1985,
Cyprus,1980,
Cyprus,1976,
Cyprus,1970,
Cyprus,1965,
Cyprus,1960,
Czechia,2016,43.14
Czechia,2013,36.6
Czechia,2012,36.483
Czechia,2011,36.117
Czechia,2010,35.744
Democratic People's Republic of Korea,2017,36.745
Democratic People's Republic of Korea,2016,36.922
Democratic People's Republic of Korea,2014,34.973
Democratic People's Republic of Korea,2012,34.389
Democratic People's Republic of Korea,2008,32.846
Democratic People's Republic of Korea,2003,31.691
Democratic Republic of the Congo,2013,0.9
Democratic Republic of the Congo,2009,0.934
Denmark,2016,44.567
Denmark,2015,36.743
Denmark,2014,36.44
Denmark,2013,36.395
Denmark,2012,36.461
Denmark,2011,36.184
Denmark,2010,35.791
Denmark,2009,34.013
Denmark,2008,33.935
Denmark,2005,32.001
Denmark,2004,30.427
Denmark,2003,29.983
Denmark,2001,36.58
Denmark,1997,29.159
Denmark,1995,29.033
Denmark,1994,28.979
Djibouti,2014,2.203
Djibouti,2006,2.324
Djibouti,2005,1.788
Djibouti,2004,1.674
Djibouti,1999,1.328
Dominica,2017,10.825
Dominica,2001,17.791
Dominica,1997,5.367
Dominican Republic,2017,15.6
Dominican Republic,2011,14.943
Dominican Republic,2008,10.777
Dominican Republic,2000,18.301
Ecuador,2016,20.5
Ecuador,2015,20.734
Ecuador,2011,16.654
Ecuador,2010,21.219
Ecuador,2009,16.073
Ecuador,2003,15.064
Ecuador,2002,15.753
Ecuador,2001,15.513
Ecuador,2000,14.519
Ecuador,1999,13.772
Ecuador,1998,13.167
Ecuador,1997,13.305
Ecuador,1996,13.171
Ecuador,1995,12.474
Ecuador,1994,12.746
Ecuador,1993,11.094
Ecuador,1992,12.006
Ecuador,1991,11.667
Ecuador,1990,9.576
Ecuador,1989,
Ecuador,1988,
Ecuador,1987,
Ecuador,1986,
Ecuador,1985,
Ecuador,1984,
Ecuador,1983,
Ecuador,1982,
Ecuador,1981,
Egypt,2017,7.902
Egypt,2016,8.107
Egypt,2015,8.1
Egypt,2014,7.94
Egypt,2003,5.202
El Salvador,2016,15.69
El Salvador,2008,18.889
El Salvador,2005,17.175
El Salvador,2002,13.363
El Salvador,1999,12.477
Equatorial Guinea,2017,4
Equatorial Guinea,2004,2.111
Eritrea,2004,0.557
Estonia,2016,34.651
Estonia,2015,34.152
Estonia,2014,33.101
Estonia,2013,33.255
Estonia,2012,32.78
Estonia,2011,32.912
Estonia,2010,32.422
Estonia,2000,43.728
Eswatini,2016,0.796
Eswatini,2011,0.89
Eswatini,2009,1.465
Eswatini,2004,1.562
Eswatini,2003,1.471
Eswatini,2001,1.668
Ethiopia,2017,1
Ethiopia,2009,0.252
Ethiopia,2008,0.251
Ethiopia,2007,0.223
Ethiopia,2006,0.268
Ethiopia,2005,0.32
Ethiopia,2004,0.267
Ethiopia,2003,0.267
Fiji,2015,8.374
Fiji,2013,8.025
Fiji,2009,4.366
Fiji,2008,3.996
Fiji,2003,4.653
Fiji,1999,3.36
Finland,2016,38.08
Finland,2014,32.073
Finland,2013,31.483
Finland,2012,30.693
Finland,2011,29.856
Finland,2010,29.874
Finland,2009,28.795
Finland,2002,31.546
France,2016,32.349
France,2015,32.237
France,2014,32.117
France,2013,31.835
France,2012,31.711
France,2011,31.561
France,2007,36.746
France,1996,32.222
France,1991,30.662
Gabon,2016,3.611
Gabon,2004,2.895
Gabon,1995,2.956
Gabon,1994,2.616
Gabon,1993,2.181
Gabon,1991,1.932
Gambia,2015,1.077
Gambia,2008,1.102
Gambia,2007,1.033
Gambia,2006,1.174
Gambia,2005,1.149
Gambia,2004,1.187
Gambia,2003,1.152
Georgia,2015,50.976
Georgia,2014,48.267
Georgia,2013,45.177
Georgia,2012,44.392
Georgia,2011,44.029
Georgia,2010,43.073
Georgia,2009,48.065
Georgia,2008,46.661
Germany,2016,42.087
Germany,2015,41.383
Germany,2014,40.827
Germany,2013,40.043
Germany,2012,39.152
Germany,2011,38.454
Germany,2010,37.536
Ghana,2017,1.8
Ghana,2016,1.283
Ghana,2013,1.686
Ghana,2010,0.949
Ghana,2009,0.85
Ghana,2008,1.11
Ghana,2007,0.733
Ghana,2004,1.544
Greece,2016,45.92
Greece,2014,61.082
Greece,2013,60.846
Greece,2012,60.831
Greece,2011,60.786
Greece,2010,60.515
Grenada,2017,14.471
Grenada,2006,6.68
Grenada,2003,5.664
Grenada,2002,5.681
Grenada,2001,5.697
Grenada,2000,5.709
Grenada,1999,5.819
Grenada,1997,4.055
Guatemala,2018,3.55
Guatemala,2009,9.039
Guatemala,1999,8.751
Guinea,2016,0.788
Guinea,2005,0.971
Guinea,2004,1.04
Guinea,2000,0.867
Guinea-Bissau,2015,2
Guinea-Bissau,2011,0.626
Guinea-Bissau,2009,0.817
Guinea-Bissau,2008,0.527
Guinea-Bissau,2004,1.392
Guyana,2018,7.99
Guyana,2010,6.898
Guyana,2009,2.159
Guyana,2000,4.859
Haiti,2018,2.345
Haiti,2011,1.372
Haiti,1998,2.36
Honduras,2017,3.144
Honduras,2016,6.086
Honduras,2013,9.999
Honduras,2005,3.635
Honduras,2000,5.634
Hungary,2016,32.312
Hungary,2015,31.159
Hungary,2014,33.415
Hungary,2013,32.259
Hungary,2012,31.046
Hungary,2011,29.803
Hungary,2010,28.894
Hungary,2009,35.341
Hungary,2008,36.12
Hungary,2007,32.125
Hungary,2006,35.076
Hungary,2005,32.284
Hungary,2004,38.435
Hungary,2003,37.706
Hungary,2002,36.679
Hungary,1999,35.499
Hungary,1998,35.158
Hungary,1997,34.414
Hungary,1996,33.897
Hungary,1995,33.463
Hungary,1994,33.425
Hungary,1993,32.91
Hungary,1992,33.348
Hungary,1991,32.671
Hungary,1990,31.687
Iceland,2017,39.701
Iceland,2016,38.857
Iceland,2015,37.826
Iceland,2014,36.317
Iceland,2013,35.719
Iceland,2012,35.084
Iceland,2011,34.57
Iceland,2010,35.654
Iceland,2009,36.919
Iceland,2008,37.247
Iceland,2007,36.927
Iceland,2006,36.47
Iceland,2005,36.271
Iceland,2004,36.276
Iceland,2003,36.354
Iceland,2002,36.067
Iceland,2001,34.995
Iceland,2000,34.522
India,2017,7.776
India,2016,7.592
India,2014,7.256
India,2013,7.182
India,2012,6.997
India,2011,7.394
India,2010,6.634
India,2009,6.237
India,2008,6.154
India,2007,6.002
India,2006,5.869
India,2005,5.776
India,2004,5.735
India,2003,5.644
India,2002,5.57
India,2001,5.386
India,2000,5.276
India,1991,12.252
Indonesia,2017,3.777
Indonesia,2015,2.74
Indonesia,2013,3.118
Indonesia,2012,3.075
Indonesia,2010,1.391
Indonesia,2009,1.443
Indonesia,2003,1.338
Indonesia,1993,0.58
Iran (Islamic Republic of),2015,11.4
Iran (Islamic Republic of),2014,14.862
Iran (Islamic Republic of),2006,5.31
Iran (Islamic Republic of),2005,8.786
Iran (Islamic Republic of),2004,8.732
Iraq,2017,8.217
Iraq,2016,8.4
Iraq,2014,8.607
Iraq,2010,6.416
Ireland,2017,30.861
Ireland,2016,29.536
Ireland,2015,27.819
Ireland,2014,27.702
Ireland,2013,26.414
Ireland,2012,26.613
Ireland,2011,26.198
Ireland,2006,23.47
Israel,2016,32.176
Israel,2015,31.906
Israel,2014,30.844
Israel,2013,35.375
Israel,2012,33.423
Israel,2011,33.427
Israel,2010,34.114
Israel,1995,48.555
Italy,2017,40.931
Italy,2016,40.323
Italy,2015,39.174
Italy,2014,39.588
Italy,2013,39.371
Italy,2012,38.608
Jamaica,2017,13.199
Jamaica,2016,4.588
Jamaica,2015,4.175
Jamaica,2014,3.815
Jamaica,2013,4.688
Jamaica,2012,3.541
Jamaica,2008,3.953
Jamaica,2003,8.306
Japan,2016,24.118
Japan,2014,23.414
Japan,2012,22.74
Japan,2010,22.47
Japan,2008,22.302
Japan,2006,21.64
Japan,2004,21.088
Japan,2002,20.538
Japan,2000,20.057
Japan,1998,19.556
Japan,1996,19.021
Japan,1994,18.286
Japan,1992,17.528
Japan,1990,17.01
Japan,1988,
Japan,1986,
Japan,1984,
Japan,1982,
Japan,1980,
Jordan,2017,23.436
Jordan,2016,14.099
Jordan,2015,28.407
Jordan,2014,22.312
Jordan,2013,22.223
Jordan,2010,22.572
Jordan,2009,21.513
Jordan,2008,22.46
Jordan,2007,24.671
Jordan,2006,23.132
Jordan,2005,22.591
Jordan,2004,20.59
Jordan,2003,22.93
Jordan,2002,22.156
Jordan,2001,20.462
Jordan,2000,18.763
Jordan,1999,19.314
Jordan,1998,9.921
Kazakhstan,2014,32.522
Kazakhstan,2013,34.795
Kazakhstan,2012,34.684
Kazakhstan,2011,35.279
Kazakhstan,2010,34.867
Kenya,2014,1.988
Kenya,2013,1.937
Kenya,2012,1.854
Kenya,2011,1.777
Kenya,2010,1.724
Kenya,2009,1.714
Kenya,2008,1.692
Kenya,2002,1.357
Kiribati,2013,2.028
Kiribati,2011,1.433
Kiribati,2010,3.996
Kiribati,2008,2.541
Kuwait,2015,25.789
Kuwait,2014,25.88
Kuwait,2013,24.825
Kuwait,2012,24.323
Kuwait,2011,24.383
Kuwait,2010,24.245
Kuwait,2009,18.944
Kuwait,2008,18.833
Kuwait,2007,18.818
Kuwait,2006,14.521
Kyrgyzstan,2014,18.76
Kyrgyzstan,2013,19.068
Kyrgyzstan,2012,19.124
Kyrgyzstan,2011,19.27
Kyrgyzstan,2010,18.953
Kyrgyzstan,2009,24.594
Kyrgyzstan,2008,24.822
Lao People's Democratic Republic,2014,4.997
Lao People's Democratic Republic,2013,4.525
Lao People's Democratic Republic,2012,1.808
Lao People's Democratic Republic,2010,8.306
Lao People's Democratic Republic,2009,1.968
Lao People's Democratic Republic,2005,2.805
Lao People's Democratic Republic,2004,3.531
Lao People's Democratic Republic,2000,2.847
Lao People's Democratic Republic,1995,3.413
Latvia,2016,31.946
Latvia,2015,31.736
Latvia,2014,31.804
Latvia,2013,31.473
Latvia,2012,30.952
Latvia,2011,30.853
Latvia,2010,30.758
Latvia,2009,37.123
Latvia,2008,38.846
Latvia,2007,36.452
Latvia,2006,37.484
Latvia,2005,36.443
Latvia,2004,35.486
Latvia,2003,34.188
Latvia,2002,33.959
Latvia,2001,32.832
Latvia,2000,34.118
Latvia,1999,33.391
Latvia,1998,32.767
Latvia,1997,34.219
Latvia,1996,34.803
Latvia,1995,33.482
Latvia,1994,34.133
Latvia,1993,36.199
Latvia,1992,40.84
Latvia,1991,46.063
Latvia,1990,46.934
Lebanon,2017,22.71
Lebanon,2016,22.485
Lebanon,2015,23.478
Lebanon,2014,23.168
Lebanon,2013,25.2
Lebanon,2011,29.705
Lebanon,2010,26.707
Lebanon,2007,27.373
Lebanon,2006,28.984
Lebanon,2001,34.242
Lesotho,2010,0.676
Lesotho,2003,0.464
Liberia,2015,0.373
Liberia,2010,0.228
Liberia,2008,0.139
Liberia,2004,0.324
Libya,2017,21.581
Libya,2015,19.5
Libya,2014,21.107
Libya,2009,19.619
Libya,2008,18.442
Libya,2004,12.393
Libya,1997,12.45
Lithuania,2016,43.37
Lithuania,2015,42.993
Lithuania,2014,42.646
Lithuania,2013,42.205
Lithuania,2012,41.497
Lithuania,2011,40.284
Lithuania,2010,39.138
Lithuania,1999,41.307
Lithuania,1998,41.13
Lithuania,1997,41.222
Lithuania,1996,40.966
Lithuania,1995,40.636
Luxembourg,2017,30.266
Luxembourg,2016,29.234
Luxembourg,2015,29.222
Luxembourg,2014,28.564
Luxembourg,2013,27.997
Luxembourg,2012,27.761
Luxembourg,2011,27.486
Luxembourg,2010,27.643
Madagascar,2014,1.812
Madagascar,2012,1.427
Madagascar,2011,1.44
Madagascar,2010,1.953
Madagascar,2009,1.813
Madagascar,2008,1.86
Madagascar,2007,1.813
Madagascar,2006,1.705
Madagascar,2005,1.801
Madagascar,2004,1.562
Madagascar,2003,1.476
Madagascar,2002,1.362
Malawi,2016,0.157
Malawi,2009,0.18
Malawi,2008,0.18
Malawi,2004,0.21
Malaysia,2015,15.132
Malaysia,2012,13.273
Malaysia,2011,12.784
Malaysia,2010,11.731
Malaysia,2008,9.259
Malaysia,2002,7.033
Malaysia,2000,6.964
Maldives,2016,10.379
Maldives,2015,31.381
Maldives,2014,18.863
Maldives,2010,14.403
Maldives,2009,14.838
Maldives,2007,16.424
Maldives,2004,9.729
Maldives,1996,6.672
Maldives,1993,2.845
Maldives,1991,1.915
Maldives,1989,
Mali,2016,1.393
Mali,2012,1.069
Mali,2011,1.035
Mali,2010,1.019
Mali,2009,0.922
Mali,2007,0.775
Mali,2004,0.85
Malta,2015,38.26
Malta,2014,36.795
Malta,2013,34.641
Malta,2012,32.818
Malta,2011,31.525
Malta,2010,30.738
Marshall Islands,2012,4.554
Marshall Islands,2011,6.286
Marshall Islands,2010,6.107
Marshall Islands,2007,5.95
Mauritania,2017,1.79
Mauritania,2015,1.655
Mauritania,2014,1.531
Mauritania,2010,1.515
Mauritania,2009,1.269
Mauritania,2004,1.029
Mauritius,2015,20.246
Mauritius,2014,19.321
Mauritius,2013,16.299
Mauritius,2012,13.739
Mauritius,2011,14.468
Mauritius,2010,12.019
Mauritius,2009,11.857
Mauritius,2008,11.7
Mauritius,2007,11.549
Mauritius,2004,10.718
Mexico,2016,22.478
Mexico,2015,22.513
Mexico,2014,21.383
Mexico,2013,20.915
Mexico,2012,20.497
Mexico,2011,20.405
Mexico,2010,21.747
Mexico,2000,19.259
Micronesia (Federated States of),2009,1.923
Micronesia (Federated States of),2008,6.124
Micronesia (Federated States of),2005,5.838
Micronesia (Federated States of),2003,5.618
Micronesia (Federated States of),2000,5.959
Monaco,2014,65.617
Monaco,2013,65.789
Monaco,2012,67.196
Monaco,2011,66.667
Mongolia,2016,28.866
Mongolia,2015,32.426
Mongolia,2014,31.807
Mongolia,2013,31.059
Mongolia,2012,30.549
Mongolia,2011,28.763
Mongolia,2010,27.637
Mongolia,2009,26.759
Mongolia,2008,28.857
Mongolia,2002,27.548
Montenegro,2015,23.337
Montenegro,2014,21.794
Montenegro,2013,21.336
Montenegro,2012,20.227
Montenegro,2011,20
Montenegro,2010,20.311
Morocco,2017,7.273
Morocco,2014,6.104
Morocco,2013,6.3
Morocco,2009,6.465
Morocco,2007,5.851
Morocco,2004,5.299
Mozambique,2017,0.735
Mozambique,2013,0.549
Mozambique,2012,0.529
Mozambique,2011,0.508
Mozambique,2010,0.473
Mozambique,2009,0.443
Mozambique,2006,0.254
Mozambique,2004,0.253
Myanmar,2017,8.64
Myanmar,2016,6.214
Myanmar,2012,5.851
Myanmar,2011,5.554
Myanmar,2010,5.271
Myanmar,2009,4.927
Myanmar,2008,4.792
Myanmar,2007,4.433
Myanmar,2006,4.197
Myanmar,2005,3.833
Myanmar,2004,3.701
Myanmar,1988,
Namibia,2007,3.721
Namibia,2004,2.976
Nauru,2015,12.389
Nauru,2011,13.725
Nauru,2010,11
Nauru,2009,10.101
Nauru,2008,10.101
Nauru,2004,9.901
Nauru,1995,16
Nepal,2017,6.507
Nepal,2014,5.951
Nepal,2013,5.425
Nepal,2012,5.036
Nepal,2004,2.127
Netherlands,2016,35.067
Netherlands,2015,34.875
Netherlands,2014,34.2
Netherlands,2013,33.065
Netherlands,2012,32.468
Netherlands,2011,31.245
Netherlands,2010,29.516
New Zealand,2016,30.252
New Zealand,2015,30.003
New Zealand,2014,28.073
New Zealand,2013,27.856
New Zealand,2012,26.788
New Zealand,2011,26.331
New Zealand,2010,26.114
New Zealand,2007,23.049
New Zealand,2002,20.665
New Zealand,2001,23.099
Nicaragua,2018,10.056
Nicaragua,2014,9.137
Nicaragua,2013,9.158
Nicaragua,2012,8.759
Nicaragua,2011,8.27
Nicaragua,2010,7.388
Nicaragua,2009,7.129
Nicaragua,2008,6.571
Nicaragua,2007,5.329
Nicaragua,2006,4.981
Nicaragua,2005,5.051
Nicaragua,2003,3.902
Niger,2014,0.5
Niger,2013,0.513
Niger,2009,0.278
Niger,2008,0.189
Niger,2004,0.225
Nigeria,2013,3.827
Nigeria,2010,1.836
Nigeria,2009,3.78
Nigeria,2008,3.76
Nigeria,2007,3.782
Nigeria,2006,3.479
Nigeria,2005,2.822
Nigeria,2003,2.646
Niue,2008,18.75
Niue,2006,23.529
Niue,2004,23.529
Niue,2003,22.222
Niue,1996,14.286
Norway,2017,46.336
Norway,2016,44.948
Norway,2015,43.94
Norway,2014,44.266
Norway,2013,43.084
Norway,2012,42.374
Norway,2011,41.927
Norway,2010,41.167
Norway,2009,40.56
Oman,2017,19.697
Oman,2016,20.184
Oman,2015,21.225
Oman,2014,21.841
Oman,2013,20.674
Oman,2012,20.363
Oman,2011,19.547
Oman,2010,19.273
Oman,2009,19.296
Oman,2008,18.826
Oman,2007,18.432
Oman,2006,17.727
Oman,2005,16.653
Oman,2004,15.834
Oman,2000,14.365
Oman,1999,9.641
Oman,1998,9.321
Oman,1997,8.539
Oman,1995,11.237
Oman,1990,7.952
Oman,1985,
Oman,1980,
Oman,1975,
Oman,1970,
Pakistan,2015,9.753
Pakistan,2011,8.748
Pakistan,2010,8.496
Pakistan,2009,8.354
Pakistan,2008,8.187
Pakistan,2007,7.975
Pakistan,2005,8.209
Pakistan,2004,7.713
Pakistan,2001,6.797
Pakistan,2000,6.629
Pakistan,1999,6.433
Pakistan,1998,6.252
Pakistan,1997,6.079
Pakistan,1996,5.894
Pakistan,1995,5.674
Pakistan,1994,5.527
Pakistan,1993,5.396
Pakistan,1992,5.279
Palau,2014,11.848
Palau,2010,14.146
Palau,2009,14.286
Palau,2006,13
Palau,1998,14.054
Panama,2016,15.699
Panama,2013,15.808
Panama,2012,15.969
Panama,2011,14.971
Panama,2010,14.056
Panama,2009,13.092
Panama,2008,13.807
Panama,2007,13.032
Panama,2006,13.488
Panama,2005,13.475
Panama,2004,13.216
Panama,2003,13.402
Panama,2002,13.346
Panama,2001,12.438
Panama,1999,12.325
Panama,1998,11.932
Panama,1997,12.033
Panama,1996,12.055
Panama,1995,11.666
Panama,1994,11.255
Panama,1993,11.777
Panama,1992,11.44
Panama,1991,11.22
Panama,1990,11.129
Papua New Guinea,2010,0.529
Papua New Guinea,2008,0.491
Papua New Guinea,2000,0.494
Paraguay,2018,13.66
Paraguay,2017,2.399
Paraguay,2012,12.859
Paraguay,2002,11.537
Peru,2016,12.7
Peru,2012,11.164
Peru,2009,9.404
Peru,2007,16.672
Peru,1999,11.658
Philippines,2010,12.75
Philippines,2009,12.658
Philippines,2008,12.579
Philippines,2007,12.457
Philippines,2006,12.372
Philippines,2005,12.296
Philippines,2004,11.085
Philippines,2003,12.259
Philippines,2002,11.109
Philippines,2001,12.202
Philippines,2000,12.185
Poland,2016,23.998
Poland,2015,23.112
Poland,2014,22.899
Poland,2013,22.252
Poland,2012,22.19
Poland,2011,21.978
Poland,2010,21.71
Portugal,2016,33.356
Portugal,2014,43.964
Portugal,2013,42.322
Portugal,2012,40.752
Portugal,2011,39.579
Portugal,2010,38.181
Portugal,2009,37.61
Portugal,2008,36.549
Portugal,2007,35.657
Portugal,2006,34.834
Portugal,2005,34.203
Portugal,2004,33.446
Portugal,2003,32.84
Portugal,2002,32.317
Qatar,2017,0.008
Qatar,2016,27.831
Qatar,2014,17.971
Qatar,2010,38.877
Qatar,2009,32.223
Qatar,2008,33.182
Qatar,2006,22.892
Qatar,2005,24.858
Republic of Korea,2017,23.661
Republic of Korea,2016,23.124
Republic of Korea,2015,22.596
Republic of Korea,2014,22.168
Republic of Korea,2013,21.708
Republic of Korea,2012,20.843
Republic of Korea,2011,20.378
Republic of Korea,2010,19.836
Republic of Korea,2009,19.934
Republic of Korea,2008,19.319
Republic of Korea,2007,18.645
Republic of Korea,2006,18.041
Republic of Korea,2005,17.527
Republic of Korea,2004,16.907
Republic of Moldova,2015,32.002
Republic of Moldova,2014,25.389
Republic of Moldova,2013,25.619
Republic of Moldova,2012,24.695
Republic of Moldova,2011,24.673
Republic of Moldova,2010,24.39
Romania,2016,22.586
Romania,2013,26.324
Romania,2012,25.959
Romania,2011,25.207
Romania,2010,24.842
Romania,2002,19.718
Russian Federation,2016,40.139
Russian Federation,2015,39.632
Russian Federation,2014,41.531
Russian Federation,2013,40.153
Russian Federation,2012,40.276
Russian Federation,2011,42.426
Russian Federation,2010,23.984
Rwanda,2017,1.346
Rwanda,2016,1.4
Rwanda,2015,1.408
Rwanda,2014,1.24
Rwanda,2013,0.998
Saint Kitts and Nevis,2015,25.23
Saint Kitts and Nevis,2001,10.652
Saint Kitts and Nevis,1999,10.268
Saint Kitts and Nevis,1998,10.384
Saint Kitts and Nevis,1997,10.959
Saint Kitts and Nevis,1996,11.06
Saint Kitts and Nevis,1995,10.723
Saint Kitts and Nevis,1994,9.198
Saint Kitts and Nevis,1993,7.656
Saint Kitts and Nevis,1992,7.488
Saint Kitts and Nevis,1991,6.829
Saint Kitts and Nevis,1990,6.863
Saint Lucia,2009,1.053
Saint Lucia,2008,1.596
Saint Lucia,2007,1.853
Saint Lucia,2005,5.07
Saint Lucia,2004,4.192
Saint Lucia,2003,4.658
Saint Lucia,2002,4.38
Saint Vincent and the Grenadines,2010,6.587
Saint Vincent and the Grenadines,2004,9.3
Saint Vincent and the Grenadines,2001,5.741
Saint Vincent and the Grenadines,2000,8.248
Saint Vincent and the Grenadines,1997,9.352
Samoa,2016,3.409
Samoa,2013,4.822
Samoa,2012,3.805
Samoa,2010,3.437
Samoa,2008,4.632
Samoa,2005,2.779
Samoa,2003,2.814
Samoa,1999,6.904
San Marino,2014,61.468
San Marino,2013,50.774
San Marino,2012,51.411
San Marino,2011,49.206
Sao Tome and Principe,2015,3.2
Sao Tome and Principe,2004,5.329
Saudi Arabia,2016,23.9
Saudi Arabia,2014,25.77
Saudi Arabia,2012,24.588
Saudi Arabia,2011,24.633
Saudi Arabia,2010,24.07
Saudi Arabia,2009,20.736
Saudi Arabia,2008,20.584
Saudi Arabia,2001,6.789
Saudi Arabia,2000,7.2
Senegal,2016,0.692
Senegal,2015,2.018
Senegal,2013,3.103
Senegal,2008,0.607
Senegal,2004,0.542
Serbia,2016,31.25
Serbia,2014,24.649
Serbia,2013,24.941
Serbia,2012,24.913
Serbia,2011,24.92
Serbia,2010,24.714
Serbia,2009,22.974
Seychelles,2016,9.458
Seychelles,2012,10.076
Seychelles,2011,11.656
Seychelles,2010,10.941
Seychelles,2009,11.319
Seychelles,2008,7.718
Seychelles,2007,10.078
Seychelles,2006,8.361
Seychelles,2005,11.725
Seychelles,2004,13.829
Sierra Leone,2011,0.25
Sierra Leone,2010,0.211
Sierra Leone,2008,0.154
Sierra Leone,2004,0.309
Singapore,2016,23.063
Singapore,2014,20.41
Singapore,2013,19.286
Singapore,2012,18.3
Singapore,2011,17.523
Singapore,2010,17.38
Singapore,2009,16.762
Singapore,2008,16.163
Singapore,2007,15.603
Singapore,2006,15.029
Singapore,2005,15.026
Singapore,2004,14.856
Singapore,2003,15.014
Singapore,2001,14.3
Singapore,1999,13.945
Slovakia,2016,24.643
Slovakia,2015,34.414
Slovakia,2013,33.833
Slovakia,2009,32.955
Slovenia,2016,29.953
Slovenia,2015,28.099
Slovenia,2014,27.582
Slovenia,2013,26.214
Slovenia,2012,25.374
Slovenia,2011,24.939
Slovenia,2010,24.345
Solomon Islands,2016,1.999
Solomon Islands,2013,1.899
Solomon Islands,2012,1.559
Solomon Islands,2011,2.02
Solomon Islands,2008,1.764
Solomon Islands,2005,1.894
Solomon Islands,2003,1.343
Solomon Islands,1999,1.345
Somalia,2014,0.229
Somalia,2006,0.28
South Africa,2017,9.101
South Africa,2016,8.024
South Africa,2015,7.827
South Africa,2014,7.542
South Africa,2013,7.411
South Africa,2012,7.254
South Africa,2011,7.143
South Africa,2010,7.289
South Africa,2004,7.219
Spain,2016,40.691
Spain,2015,38.493
Spain,2014,37.975
Spain,2013,38.046
Spain,2012,38.165
Spain,2011,38.216
Spain,2010,37.409
Spain,2009,47.128
Spain,2008,46.519
Spain,2007,45.843
Spain,2006,45.408
Spain,2005,45.211
Spain,2004,44.904
Spain,2003,44.701
Spain,2002,44.279
Spain,2001,43.587
Spain,2000,43.769
Spain,1999,43.147
Spain,1998,42.562
Spain,1997,41.922
Spain,1996,41.38
Spain,1995,40.774
Spain,1994,40.762
Spain,1993,40.186
Spain,1992,39.503
Spain,1991,38.907
Spain,1990,37.836
Spain,1989,
Spain,1988,
Spain,1987,
Spain,1986,
Spain,1985,
Spain,1984,
Spain,1983,
Spain,1982,
Spain,1981,
Spain,1980,
Spain,1979,
Spain,1978,
Spain,1977,
Spain,1976,
Spain,1975,
Spain,1974,
Spain,1973,
Spain,1972,
Spain,1971,
Spain,1970,
Spain,1969,
Spain,1968,
Spain,1967,
Spain,1966,
Spain,1965,
Spain,1964,
Spain,1963,
Spain,1962,
Spain,1961,
Spain,1960,
Spain,1959,
Spain,1958,
Spain,1957,
Spain,1956,
Spain,1955,
Spain,1954,
Spain,1953,
Spain,1952,
Sri Lanka,2017,9.58
Sri Lanka,2016,10.578
Sri Lanka,2015,9.746
Sri Lanka,2013,10.869
Sri Lanka,2010,7.262
Sri Lanka,2009,6.843
Sri Lanka,2008,6.256
Sri Lanka,2007,5.564
Sri Lanka,2006,5.226
Sri Lanka,2005,5.223
Sri Lanka,2004,5.409
Sri Lanka,2001,4.433
Sri Lanka,2000,4.24
Sri Lanka,1999,3.746
Sri Lanka,1998,3.461
Sri Lanka,1997,3.046
Sri Lanka,1996,2.785
Sri Lanka,1995,2.218
Sri Lanka,1994,1.848
Sri Lanka,1993,2.071
Sri Lanka,1992,1.654
Sri Lanka,1991,1.391
Sri Lanka,1988,
Sri Lanka,1986,
Sri Lanka,1980,
Sudan,2015,4.1
Sudan,2008,3.281
Sudan,2007,3.512
Sudan,2006,3.506
Sudan,2004,2.502
Suriname,2018,12.265
Suriname,2009,7.088
Suriname,2004,8.104
Suriname,2000,4.043
Sweden,2016,53.996
Sweden,2015,42.861
Sweden,2014,42.049
Sweden,2013,41.271
Sweden,2012,40.396
Sweden,2011,39.582
Sweden,2010,38.871
Sweden,2007,32.405
Switzerland,2016,42.363
Switzerland,2015,41.782
Switzerland,2014,41.053
Switzerland,2013,40.185
Switzerland,2012,38.987
Switzerland,2011,38.241
Switzerland,2010,38.053
Syrian Arab Republic,2016,12.2
Syrian Arab Republic,2014,15.115
Syrian Arab Republic,2010,14.841
Syrian Arab Republic,2009,14.371
Syrian Arab Republic,2008,15.105
Syrian Arab Republic,2007,15.068
Syrian Arab Republic,2005,15.44
Syrian Arab Republic,2004,14.54
Syrian Arab Republic,2003,14.053
Syrian Arab Republic,2002,14.673
Syrian Arab Republic,2000,13.654
Syrian Arab Republic,1999,13.357
Syrian Arab Republic,1998,13.388
Syrian Arab Republic,1997,12.965
Tajikistan,2014,17.003
Tajikistan,2013,16.848
Tajikistan,2012,17.009
Tajikistan,2011,16.949
Tajikistan,2010,16.722
Tajikistan,2008,19.028
Tajikistan,2007,18.724
Tajikistan,2006,18.953
Tajikistan,2005,19.363
Tajikistan,2004,19.366
Tajikistan,2003,19.292
Tajikistan,2002,20.344
Tajikistan,2001,21.212
Tajikistan,2000,21.717
Tajikistan,1999,21.202
Tajikistan,1998,20.843
Tajikistan,1991,26.219
Thailand,2017,8.096
Thailand,2016,4.457
Thailand,2015,4.655
Thailand,2010,3.905
Thailand,2009,3.387
Thailand,2008,3.163
Thailand,2007,2.959
Thailand,2006,2.874
Thailand,2004,2.91
Thailand,2002,2.963
Thailand,2001,2.982
Thailand,1999,2.911
Thailand,1998,2.915
Thailand,1997,2.722
Thailand,1995,2.384
Thailand,1993,2.336
Thailand,1991,2.236
Thailand,1989,
Thailand,1987,
Thailand,1985,
Thailand,1983,
Thailand,1981,
Thailand,1979,
Thailand,1977,
Thailand,1975,
Thailand,1973,
Thailand,1971,
Republic of North Macedonia,2015,28.736
Republic of North Macedonia,2013,27.962
Republic of North Macedonia,2012,27.748
Republic of North Macedonia,2011,27.258
Republic of North Macedonia,2010,26.759
Republic of North Macedonia,2009,25.924
Timor-Leste,2017,7.197
Timor-Leste,2015,6.696
Timor-Leste,2014,6.605
Timor-Leste,2013,3.099
Togo,2015,0.487
Togo,2010,2.022
Togo,2008,0.566
Togo,2007,0.484
Togo,2004,0.441
Tonga,2013,5.223
Tonga,2010,5.572
Tonga,2009,5.985
Tonga,2008,5.534
Tonga,2002,3.024
Tonga,2001,3.55
Trinidad and Tobago,2015,26.697
Trinidad and Tobago,2011,18.212
Trinidad and Tobago,2010,18.086
Trinidad and Tobago,2009,15.073
Trinidad and Tobago,2007,11.785
Trinidad and Tobago,2006,12.217
Trinidad and Tobago,2003,8.084
Trinidad and Tobago,2002,8.249
Trinidad and Tobago,2001,9.698
Trinidad and Tobago,2000,10.055
Trinidad and Tobago,1999,9.258
Trinidad and Tobago,1998,9.386
Trinidad and Tobago,1997,7.528
Trinidad and Tobago,1996,7.605
Trinidad and Tobago,1995,9.426
Tunisia,2016,12.722
Tunisia,2015,12.999
Tunisia,2014,12.677
Tunisia,2010,12.214
Tunisia,2008,11.082
Tunisia,2007,10.248
Tunisia,2005,9.326
Tunisia,2004,13.307
Tunisia,2003,8.239
Tunisia,2002,8.074
Tunisia,2001,7.937
Tunisia,2000,7.675
Tunisia,1999,7.444
Tunisia,1998,7.178
Tunisia,1997,6.888
Tunisia,1996,6.674
Tunisia,1995,6.545
Tunisia,1994,5.967
Tunisia,1993,5.984
Tunisia,1992,5.927
Tunisia,1991,5.346
Tunisia,1990,5.374
Turkey,2014,17.605
Turkey,2013,17.651
Turkey,2012,17.403
Turkey,2011,17.168
Turkey,2010,17.068
Turkey,2009,16.631
Turkey,2008,16.063
Turkey,2007,15.576
Turkey,2006,15.193
Turkey,2005,14.852
Turkey,2004,14.492
Turkey,2003,14.294
Turkey,2002,14.115
Turkey,2001,13.99
Turkey,2000,13.479
Turkey,1999,13.163
Turkey,1998,12.611
Turkey,1997,12.201
Turkey,1996,11.939
Turkey,1995,11.857
Turkey,1994,11.436
Turkey,1993,10.776
Turkey,1992,10.222
Turkey,1991,9.713
Turkey,1990,9.391
Turkey,1989,
Turkey,1988,
Turkey,1987,
Turkey,1986,
Turkey,1985,
Turkey,1984,
Turkey,1983,
Turkey,1982,
Turkey,1981,
Turkey,1980,
Turkey,1979,
Turkey,1978,
Turkey,1977,
Turkey,1976,
Turkey,1975,
Turkey,1974,
Turkey,1973,
Turkey,1972,
Turkey,1971,
Turkey,1970,
Turkmenistan,2014,22.248
Turkmenistan,2013,22.125
Turkmenistan,2012,22.376
Turkmenistan,2011,22.841
Turkmenistan,2010,22.743
Turkmenistan,2002,43.453
Tuvalu,2014,9.174
Tuvalu,2009,11.538
Tuvalu,2008,9.709
Tuvalu,2003,10.204
Tuvalu,2002,6.25
Uganda,2015,0.908
Uganda,2012,0.928
Uganda,2005,1.177
Uganda,2004,0.801
Ukraine,2014,30.075
Ukraine,2013,35.097
Ukraine,2012,34.991
Ukraine,2011,34.875
Ukraine,2010,34.83
United Arab Emirates,2016,23.944
United Arab Emirates,2015,22.373
United Arab Emirates,2014,20.268
United Arab Emirates,2013,17.783
United Arab Emirates,2012,15.167
United Arab Emirates,2011,14.824
United Arab Emirates,2010,14.675
United Arab Emirates,2009,15.674
United Arab Emirates,2008,16.869
United Arab Emirates,2007,14.343
United Arab Emirates,2006,13.445
United Arab Emirates,2005,15.222
United Arab Emirates,2004,19.086
United Arab Emirates,2003,20.596
United Arab Emirates,2002,19.865
United Arab Emirates,2001,19.69
United Arab Emirates,2000,17.896
United Kingdom of Great Britain and Northern Ireland,2017,28.058
United Kingdom of Great Britain and Northern Ireland,2016,27.959
United Kingdom of Great Britain and Northern Ireland,2015,27.78
United Kingdom of Great Britain and Northern Ireland,2014,27.769
United Kingdom of Great Britain and Northern Ireland,2013,27.485
United Kingdom of Great Britain and Northern Ireland,2012,27.279
United Kingdom of Great Britain and Northern Ireland,2011,27.176
United Kingdom of Great Britain and Northern Ireland,2010,26.724
United Kingdom of Great Britain and Northern Ireland,1997,22.905
United Republic of Tanzania,2014,0.399
United Republic of Tanzania,2012,0.302
United Republic of Tanzania,2002,0.228
United States of America,2016,25.948
United States of America,2015,25.858
United States of America,2014,25.817
United States of America,2013,25.666
United States of America,2012,25.041
United States of America,2011,24.683
United States of America,2010,24.383
United States of America,2005,29.401
United States of America,2004,27.13
United States of America,2000,25.917
United States of America,1995,24.34
United States of America,1985,
Uruguay,2017,50.499
Uruguay,2016,39.329
Uruguay,2008,39.385
Uruguay,2002,37.214
Uzbekistan,2014,23.685
Uzbekistan,2013,23.975
Uzbekistan,2012,24.375
Uzbekistan,2011,24.958
Uzbekistan,2010,25.352
Vanuatu,2016,1.706
Vanuatu,2012,1.859
Vanuatu,2008,1.154
Vanuatu,2007,1.182
Vanuatu,2004,1.47
Vanuatu,1997,1.143
Venezuela (Bolivarian Republic of),2001,19.24
Viet Nam,2016,8.199
Viet Nam,2015,7.887
Viet Nam,2014,7.76
Viet Nam,2012,8.15
Viet Nam,2010,7.06
Viet Nam,2009,6.944
Viet Nam,2008,6.612
Viet Nam,2007,6.38
Viet Nam,2006,6.204
Viet Nam,2005,6.104
Viet Nam,2002,5.486
Viet Nam,2001,5.217
Yemen,2014,3.104
Yemen,2009,3.102
Yemen,2008,3.09
Yemen,2004,3.367
Yemen,1997,2.324
Zambia,2016,0.913
Zambia,2012,1.632
Zambia,2011,1.621
Zambia,2010,0.604
Zambia,2009,0.595
Zambia,2008,0.608
Zambia,2006,0.524
Zambia,2005,0.536
Zambia,2004,1.278
Zimbabwe,2014,0.763
Zimbabwe,2013,0.74
Zimbabwe,2012,0.72
Zimbabwe,2011,0.733
Zimbabwe,2010,0.65
Zimbabwe,2009,0.599
Zimbabwe,2008,0.544
Zimbabwe,2007,0.5
Zimbabwe,2004,1.633
Zimbabwe,1995,1.44
Zimbabwe,1990,1.296
Zimbabwe,1985,